,Date,Unix,Ticker,DE Ratio,Price,stock_p_change,SP500,sp500_p_change,Difference
0,2004-04-13 04:20:10,1081801210.0,aa,0.595,34.26,0.0,1129.439941,0.0,0.0
1,2004-09-09 16:15:45,1094717745.0,aa,0.561,32.89,-3.9988324576765835,1118.380005,-0.9792407368033841,-3.0195917208731995
2,2004-11-24 10:37:20,1101263840.0,aa,0.53,33.58,-1.9848219497956794,1181.76001,4.6323905416056,-6.61721249140128
3,2004-12-05 00:36:42,1102178202.0,aa,0.53,32.86,-4.086398131932278,1190.329956,5.391168913867899,-9.477567045800178
4,2005-01-13 07:18:32,1105571912.0,aa,0.457,29.43,-14.098073555166371,1177.449951,4.250780254635953,-18.348853809802325
5,2005-02-07 03:48:37,1107719317.0,aa,0.457,29.37,-14.27320490367775,1201.719971,6.399634666364247,-20.672839570041997
6,2005-05-22 08:48:23,1116722903.0,aa,0.543,27.45,-19.87740805604203,1191.079956,5.457573507222014,-25.334981563264044
7,2006-06-20 04:32:21,1150749141.0,aa,0.526,29.1,-15.061295971978975,1240.119995,9.799551971041895,-24.86084794302087
8,2007-01-25 19:09:37,1169723377.0,aa,0.494,31.46,-8.172796263864557,1423.900024,26.07133609417837,-34.244132358042926
9,2007-02-23 09:03:42,1172192622.0,aa,0.494,34.75,1.4302393461763048,1451.189941,28.48757054891509,-27.057331202738787
10,2007-05-16 21:12:47,1179321167.0,aa,0.494,39.04,13.952130764740225,1514.140015,34.06113596969029,-20.109005204950066
11,2007-06-22 06:39:12,1182465552.0,aa,0.503,40.34,17.746643315820215,1502.560059,33.03585294403891,-15.289209628218693
12,2007-10-11 20:57:59,1192107479.0,aa,0.47,38.08,11.150029188558088,1554.410034,37.626621617766915,-26.47659242920883
13,2008-01-23 16:05:53,1201075553.0,aa,0.499,28.04,-18.155283129013426,1338.599976,18.518916093476445,-36.674199222489875
14,2008-10-28 00:52:22,1225126342.0,aa,0.672,9.04,-73.61354349095154,940.51001,-16.727753653967874,-56.88578983698367
15,2008-12-05 01:03:15,1228410195.0,aa,0.672,8.06,-76.47402218330413,876.070007,-22.433236580571755,-54.04078560273237
16,2008-12-06 09:33:46,1228527226.0,aa,0.672,8.15,-76.21132516053707,870.73999,-22.905153395845776,-53.3061717646913
17,2008-12-18 10:54:07,1229568847.0,aa,0.672,10.35,-69.78984238178634,885.2800289999999,-21.617786226315168,-48.172056155471175
18,2009-03-09 18:17:50,1236593870.0,aa,0.672,5.49,-83.97548161120841,676.530029,-40.10039804321035,-43.87508356799806
19,2003-12-07 10:36:10,1070764570.0,aapl,0.072,20.85,0.0,1069.719971,0.0,0.0
20,2004-02-03 07:33:34,1075764814.0,aapl,0.07,22.32,7.05035971223021,1136.030029,6.198823972409507,0.8515357398207035
21,2004-06-03 01:20:38,1086196838.0,aapl,0.0,28.92,38.705035971223026,1116.640015,4.3861987503269635,34.318837220896064
22,2004-08-10 02:02:44,1092074564.0,aapl,0.0,30.3,45.32374100719424,1079.040039,0.8712624100387102,44.45247859715553
23,2004-10-12 05:40:57,1097530857.0,aapl,0.0,38.59,85.08393285371703,1121.839966,4.8723026972448675,80.21163015647217
24,2004-12-04 14:16:51,1102141011.0,aapl,0.0,62.68,200.62350119904076,1191.369995,11.372137316112614,189.25136388292816
25,2005-01-26 15:16:47,1106723807.0,aapl,0.0,71.94,245.03597122302153,1174.069946,9.754887057259594,235.28108416576194
26,2005-02-04 03:07:08,1107457628.0,aapl,0.0,77.81,273.18944844124695,1203.030029,12.46214538514959,260.72730305609736
27,2005-03-01 10:36:03,1109644563.0,aapl,0.0,44.86,115.15587529976017,1210.410034,13.152046032054496,102.00382926770567
28,2005-12-17 11:55:53,1134791753.0,aapl,0.0,71.11,241.05515587529976,1272.73999,18.978800480859682,222.07635539444007
29,2006-01-25 09:43:52,1138153432.0,aapl,0.0,76.04,264.70023980815347,1264.680054,18.22533824602214,246.47490156213132
30,2006-02-03 13:49:59,1138945799.0,aapl,0.0,72.1,245.80335731414863,1264.030029,18.164572343017426,227.6387849711312
31,2006-02-07 09:17:30,1139275050.0,aapl,0.0,67.3,222.78177458033568,1254.780029,17.299860058422713,205.48191452191296
32,2006-02-17 15:01:01,1140159661.0,aapl,0.0,70.21,236.73860911270975,1287.23999,20.33429541346761,216.40431369924215
33,2007-02-17 21:52:03,1171720323.0,aapl,0.0,84.83,306.8585131894484,1455.300049,36.04495460990136,270.813558579547
34,2007-02-19 17:27:55,1171877275.0,aapl,0.0,84.83,306.8585131894484,1455.540039,36.067389453272156,270.79112373617625
35,2008-01-23 06:28:45,1201040925.0,aapl,0.0,155.64,646.4748201438848,1338.599976,25.135550638420302,621.3392695054645
36,2008-10-27 05:55:02,1225058102.0,aapl,0.0,96.38,362.2541966426858,848.919983,-20.64091481750975,382.89511146019555
37,2008-10-29 21:14:51,1225286091.0,aapl,0.0,104.55,401.4388489208632,930.090027,-13.052943553953714,414.4917924748169
38,2008-10-31 22:34:03,1225463643.0,aapl,0.0,107.59,416.01918465227817,968.75,-9.438916140418584,425.45810079269677
39,2008-12-03 23:41:54,1228318914.0,aapl,0.0,95.9,359.9520383693046,870.73999,-18.601127995580814,378.55316636488544
40,2008-12-07 14:27:24,1228631244.0,aapl,0.0,94.0,350.8393285371703,845.2199710000001,-20.986800853136533,371.8261293903068
41,2008-12-16 01:57:34,1229363854.0,aapl,0.0,94.75,354.43645083932853,913.179993,-14.633734271003904,369.07018511033243
42,2008-12-17 02:12:01,1229451121.0,aapl,0.0,95.43,357.6978417266187,904.419983,-15.45264110994147,373.1504828365602
43,2009-01-01 01:31:55,1230744715.0,aapl,0.0,85.35,309.3525179856115,869.419983,-18.724525430029573,328.07704341564107
44,2009-01-12 07:25:12,1231716312.0,aapl,0.0,90.58,334.4364508393285,870.26001,-18.645997682322417,353.0824485216509
45,2003-10-26 16:06:32,1067155592.0,abc,0.592,57.01,0.0,1033.77002,0.0,0.0
46,2004-01-28 07:37:34,1075246654.0,abc,0.429,56.36,-1.14015085072794,1128.47998,9.161608304330604,-10.301759155058544
47,2004-05-16 19:24:15,1084706655.0,abc,0.412,58.97,3.4379933345027203,1096.439941,6.062269149573535,-2.6242758150708143
48,2004-10-20 01:31:26,1098207086.0,abc,0.331,52.1,-8.612524118575683,1103.660034,6.760692673211792,-15.373216791787474
49,2005-01-08 07:45:42,1105141542.0,abc,0.332,57.9,1.5611296263813377,1183.73999,14.507092206059536,-12.945962579678199
50,2005-03-30 19:52:42,1112183562.0,abc,0.291,55.44,-2.753902824065954,1181.410034,14.281707840589156,-17.03561066465511
51,2005-05-26 01:50:44,1117043444.0,abc,0.23,65.93,15.646377828451167,1197.619995,15.849751088738294,-0.20337326028712788
52,2005-12-04 08:46:13,1133657173.0,abc,0.223,79.46,39.379056305911234,1264.670044,22.335724535714437,17.043331770196797
53,2007-02-20 06:12:02,1171923122.0,abc,0.308,54.9,-3.701105069286089,1459.680054,41.19968907591265,-44.90079414519874
54,2007-04-05 16:11:07,1175760667.0,abc,0.308,53.94,-5.385020171899668,1443.76001,39.659690459972914,-45.04471063187258
55,2008-01-23 20:34:05,1201091645.0,abc,0.396,45.55,-20.101736537449572,1338.599976,29.487211865555945,-49.58894840300552
56,2009-02-09 08:47:34,1234140454.0,abc,0.396,38.76,-32.01192773197685,869.8900150000001,-15.852655990159192,-16.159271741817655
57,2004-09-20 13:31:02,1095658262.0,abt,0.543,42.92,0.0,1122.199951,0.0,0.0
58,2004-10-23 22:48:08,1098542888.0,abt,0.543,40.86,-4.7996272134203215,1103.660034,-1.6521045989601955,-3.147522614460126
59,2005-01-25 12:44:11,1106628251.0,abt,0.508,45.93,7.013047530288905,1168.410034,4.117811888943839,2.8952356413450655
60,2005-02-28 19:21:54,1109589714.0,abt,0.508,45.61,6.267474370922642,1203.599976,7.253611526846333,-0.9861371559236911
61,2006-06-17 18:01:01,1150538461.0,abt,0.436,42.78,-0.3261882572227413,1230.040039,9.609703502829676,-9.935891760052417
62,2006-07-18 12:32:14,1153197134.0,abt,0.436,44.48,3.63466915191052,1236.859985,10.217433524019107,-6.582764372108587
63,2007-01-13 21:19:42,1168694382.0,abt,0.604,50.45,17.544268406337373,1414.849976,26.078242539506213,-8.53397413316884
64,2007-03-23 02:47:40,1174589260.0,abt,0.883,54.5,26.980428704566627,1436.109985,27.972736384480555,-0.9923076799139281
65,2007-04-10 20:13:09,1176207189.0,abt,0.883,57.11,33.06150978564771,1448.390015,29.06701820021732,3.9944915854303886
66,2007-06-03 02:36:35,1180809395.0,abt,0.871,56.3,31.174277726001854,1530.619995,36.394587580943494,-5.22030985494164
67,2008-01-23 23:41:45,1201102905.0,abt,0.784,57.97,35.06523765144454,1338.599976,19.283553239078685,15.781684412365856
68,2008-04-28 03:46:55,1209325615.0,abt,0.687,51.28,19.478098788443614,1396.369995,24.43147887822354,-4.953380089779927
69,2008-10-23 21:57:42,1224770262.0,abt,0.732,55.02,28.191985088536814,908.1099849999999,-19.077702312250423,47.269687400787234
70,2008-12-25 05:30:56,1230154256.0,abt,0.546,52.65,22.67008387698042,871.6300050000001,-22.32845811272005,44.99854198970047
71,2004-08-16 22:53:27,1092668007.0,ace,0.26,39.1,0.0,1079.339966,0.0,0.0
72,2004-10-10 11:27:42,1097378862.0,ace,0.26,41.04,4.961636828644496,1130.650024,4.753836568301412,0.20780026034308374
73,2005-01-13 13:27:29,1105594049.0,ace,0.21,42.76,9.360613810741679,1177.449951,9.089813042279216,0.2708007684624629
74,2007-02-20 18:32:05,1171967525.0,ace,0.171,58.6,49.87212276214834,1459.680054,35.238210386068474,14.633912376079863
75,2007-04-05 15:54:06,1175759646.0,ace,0.171,57.24,46.39386189258312,1443.76001,33.76323081508129,12.630631077501825
76,2008-01-23 21:48:58,1201096138.0,ace,0.154,59.98,53.40153452685421,1338.599976,24.020236270950793,29.38129825590342
77,2003-12-15 23:12:24,1071501144.0,aci,1.074,30.78,0.0,1068.040039,0.0,0.0
78,2005-01-24 04:33:07,1106512387.0,aci,1.18,34.52,12.150747238466543,1163.75,8.961270879845735,3.1894763586208086
79,2005-02-05 03:36:51,1107545811.0,aci,1.18,38.4,24.75633528265106,1193.189941,11.717716324303467,13.038618958347595
80,2005-03-30 06:50:28,1112136628.0,aci,0.936,41.15,33.69070825211175,1181.410034,10.614770126609459,23.07593812550229
81,2006-05-24 04:17:01,1148415421.0,aci,0.854,46.39,50.71474983755685,1258.569946,17.83921014594099,32.87553969161586
82,2007-03-11 21:41:07,1173620467.0,aci,0.86,30.08,-2.274204028590003,1401.890015,31.258189188542207,-33.53239321713221
83,2007-04-07 18:52:27,1175943147.0,aci,0.86,33.93,10.233918128654967,1439.369995,34.767419051787066,-24.5335009231321
84,2008-03-02 17:50:27,1204451427.0,aci,0.851,51.09,65.98440545808968,1367.680054,28.055129401380054,37.929276056709625
85,2008-06-05 02:23:56,1212603836.0,aci,0.899,67.52,119.3632228719948,1404.050049,31.460431981052352,87.90279089094244
86,2008-10-08 20:51:28,1223470288.0,aci,0.772,25.11,-18.421052631578952,984.9400019999999,-7.780610648062048,-10.640441983516904
87,2008-12-05 05:35:57,1228426557.0,aci,0.767,11.93,-61.241065627030544,876.070007,-17.97404825569465,-43.267017371335896
88,2003-11-08 10:24:47,1068258287.0,acn,0.076,25.05,0.0,1051.810059,0.0,0.0
89,2004-12-10 06:26:24,1102631184.0,acn,0.023,26.2,4.590818363273447,1188.0,12.948149700097144,-8.357331336823696
90,2005-02-10 03:10:56,1107976256.0,acn,0.023,25.51,1.8363273453093847,1197.01001,13.804769193598295,-11.96844184828891
91,2005-04-04 05:07:40,1112562460.0,acn,0.023,24.44,-2.43512974051896,1176.119995,11.818667727725174,-14.253797468244134
92,2005-09-04 02:06:58,1125770818.0,acn,0.04,25.31,1.037924151696599,1221.589966,16.14168884840453,-15.103764696707932
93,2006-06-03 23:44:14,1149349454.0,acn,0.045,27.89,11.337325349301395,1270.089966,20.752787552490986,-9.415462203189591
94,2006-08-22 00:50:41,1156179041.0,acn,0.034,28.57,14.051896207584827,1298.819946,23.48426741942769,-9.432371211842865
95,2006-08-22 06:44:05,1156200245.0,acn,0.034,28.57,14.051896207584827,1298.819946,23.48426741942769,-9.432371211842865
96,2006-08-27 03:22:58,1156620178.0,acn,0.034,28.36,13.21357285429141,1296.060059,23.221873370579736,-10.008300516288326
97,2006-11-02 16:40:55,1162456855.0,acn,0.027,32.96,31.57684630738523,1367.339966,29.998753510684967,1.5780927967002647
98,2006-11-11 01:01:42,1163178102.0,acn,0.027,33.87,35.20958083832334,1385.719971,31.746217783604607,3.4633630547187337
99,2006-12-03 00:17:12,1165076232.0,acn,0.027,33.81,34.970059880239525,1400.630005,33.16377733938368,1.8062825408558467
100,2007-03-14 19:10:39,1173870639.0,acn,0.018,35.39,41.27744510978044,1387.170044,31.88408231414338,9.393362795637056
101,2007-05-05 07:47:14,1178322434.0,acn,0.015,39.1,56.087824351297414,1495.920044,42.22340157330632,13.864422777991095
102,2007-06-05 04:17:34,1180988254.0,acn,0.015,41.24,64.63073852295409,1530.949951,45.55384196035723,19.076896562596858
103,2007-07-06 07:06:36,1183676796.0,acn,0.015,42.81,70.89820359281438,1530.439941,45.50535316757227,25.392850425242116
104,2008-04-07 01:42:51,1207503771.0,acn,0.004,36.77,46.78642714570859,1372.540039,30.49314629153971,16.293280854168884
105,2008-10-18 23:21:07,1224343267.0,acn,0.003,31.4,25.349301397205583,907.840027,-13.687835628504857,39.037137025710436
106,2008-12-02 16:28:13,1228206493.0,acn,0.003,29.98,19.68063872255489,848.8099980000001,-19.30006841663033,38.98070713918522
107,2008-12-21 20:10:46,1229861446.0,acn,0.001,32.21,28.582834331337324,885.2800289999999,-15.832709392257296,44.415543723594624
108,2004-01-25 05:32:05,1074979925.0,adbe,0.0,38.04,0.0,1143.939941,0.0,0.0
109,2004-08-21 23:10:00,1093101000.0,adbe,0.0,46.09,21.16193480546794,1095.170044,-4.263326705540752,25.425261511008692
110,2004-11-12 17:19:37,1100251177.0,adbe,0.0,58.1,52.733964248159836,1184.170044,3.5168020241370233,49.217162224022815
111,2005-02-07 16:20:07,1107764407.0,adbe,0.0,63.67,67.3764458464774,1201.719971,5.05096709443419,62.3254787520432
112,2005-04-05 04:12:22,1112645542.0,adbe,0.0,66.58,75.02628811777076,1181.390015,3.2737797377073887,71.75250838006338
113,2005-08-31 10:51:30,1125456690.0,adbe,0.0,27.12,-28.706624605678225,1220.329956,6.6777994422698415,-35.384424047948066
114,2006-02-21 13:18:21,1140499101.0,adbe,0.0,37.8,-0.630914826498428,1283.030029,12.158862805193364,-12.789777631691791
115,2006-04-07 10:36:37,1144377397.0,adbe,0.0,36.1,-5.099894847528911,1295.5,13.248952464017504,-18.348847311546415
116,2006-06-23 19:31:40,1151062300.0,adbe,0.0,30.5,-19.82124079915878,1244.5,8.790676450381927,-28.611917249540706
117,2006-11-28 09:44:25,1164678265.0,adbe,0.0,40.22,5.730809674027339,1386.719971,21.22314479095541,-15.492335116928071
118,2007-01-27 16:50:33,1169887833.0,adbe,0.0,39.26,3.207150368033646,1440.130005,25.89209917271346,-22.684948804679816
119,2007-03-09 02:36:54,1173379014.0,adbe,0.0,39.08,2.73396424815983,1402.839966,22.63230924288532,-19.89834499472549
120,2007-03-15 06:30:18,1173911418.0,adbe,0.0,39.3,3.3123028391167137,1392.280029,21.70918936381468,-18.396886524697965
121,2007-03-28 17:43:54,1175075034.0,adbe,0.0,42.14,10.778128286014725,1417.22998,23.890243639984938,-13.112115353970212
122,2007-04-29 08:01:44,1177804904.0,adbe,0.0,42.89,12.749737118822296,1494.25,30.62311634068557,-17.873379221863274
123,2007-04-30 09:07:29,1177895249.0,adbe,0.0,42.89,12.749737118822296,1482.369995,29.584599843952812,-16.834862725130517
124,2007-05-01 10:38:04,1177987084.0,adbe,0.0,41.56,9.25341745531021,1486.300049,29.928154069060504,-20.674736613750294
125,2007-05-30 21:47:54,1180532874.0,adbe,0.0,43.22,13.617245005257622,1530.22998,33.76838461137358,-20.151139606115954
126,2007-05-31 04:45:00,1180557900.0,adbe,0.0,43.22,13.617245005257622,1530.619995,33.802478621559025,-20.185233616301403
127,2007-06-30 20:56:00,1183208160.0,adbe,0.0,40.15,5.546792849631965,1506.339966,31.67998703526341,-26.133194185631446
128,2007-10-18 06:04:41,1192658681.0,adbe,0.0,45.97,20.846477392218716,1540.079956,34.62944170423016,-13.782964312011444
129,2008-01-23 23:45:57,1201103157.0,adbe,0.0,34.33,-9.752891692954787,1338.599976,17.016630683411016,-26.769522376365803
130,2008-12-04 14:30:57,1228372257.0,adbe,0.08,22.54,-40.7465825446898,845.2199710000001,-26.11325641264588,-14.63332613204392
131,2008-12-05 00:15:55,1228407355.0,adbe,0.08,20.44,-46.267087276550996,876.070007,-23.416433363261685,-22.85065391328931
132,2008-12-17 11:42:55,1229485375.0,adbe,0.08,22.32,-41.32492113564668,904.419983,-20.938158500752976,-20.386762634893707
133,2008-12-20 21:49:14,1229780954.0,adbe,0.079,22.13,-41.824395373291274,904.419983,-20.938158500752976,-20.886236872538298
134,2004-01-20 06:29:18,1074551358.0,adi,0.0,50.5,0.0,1138.77002,0.0,0.0
135,2004-05-12 18:46:27,1084358787.0,adi,0.0,45.04,-10.811881188118813,1097.280029,-3.643403871837083,-7.168477316281729
136,2004-06-22 09:09:13,1087866553.0,adi,0.0,45.03,-10.831683168316829,1134.410034,-0.38286799998474985,-10.448815168332079
137,2004-08-10 02:07:28,1092074848.0,adi,0.0,35.92,-28.87128712871287,1079.040039,-5.24513114597098,-23.62615598274189
138,2004-11-11 09:56:15,1100138175.0,adi,0.0,38.5,-23.762376237623762,1173.47998,3.0480219351050475,-26.81039817272881
139,2005-01-24 03:34:28,1106508868.0,adi,0.0,34.47,-31.742574257425744,1163.75,2.1935930487527298,-33.936167306178476
140,2005-03-17 01:05:45,1110992745.0,adi,0.0,35.92,-28.87128712871287,1190.209961,4.517149213324047,-33.38843634203692
141,2005-04-08 23:33:20,1112974400.0,adi,0.0,35.67,-29.366336633663366,1181.199951,3.725943803824422,-33.09228043748779
142,2005-09-07 23:00:53,1126105253.0,adi,0.0,36.88,-26.970297029702966,1236.359985,8.569769425436764,-35.54006645513973
143,2005-10-31 08:19:48,1130717988.0,adi,0.0,34.61,-31.465346534653467,1207.01001,5.992429445938526,-37.45777598059199
144,2006-12-06 22:26:10,1165415170.0,adi,0.0,33.57,-33.524752475247524,1412.900024,24.07246407839224,-57.59721655363977
145,2007-02-20 18:32:29,1171967549.0,adi,0.0,32.97,-34.71287128712871,1459.680054,28.180407664753943,-62.89327895188266
146,2007-04-05 11:21:28,1175743288.0,adi,0.0,35.37,-29.960396039603964,1443.76001,26.782404229433443,-56.7428002690374
147,2008-01-23 20:59:26,1201093166.0,adi,0.0,27.74,-45.069306930693074,1338.599976,17.54787643601647,-62.61718336670954
148,2008-04-17 12:21:31,1208406091.0,adi,0.0,31.44,-37.742574257425744,1365.560059,19.915350335619124,-57.65792459304487
149,2008-10-14 20:39:34,1223987974.0,adi,0.0,22.77,-54.910891089108915,998.01001,-12.360705632204821,-42.550185456904096
150,2008-12-12 10:52:17,1229050337.0,adi,0.0,18.46,-63.445544554455445,879.7299800000001,-22.747353324247143,-40.6981912302083
151,2008-12-18 00:52:29,1229532749.0,adi,0.0,19.68,-61.02970297029703,885.2800289999999,-22.259981080288718,-38.76972189000831
152,2003-11-12 17:41:28,1068630088.0,adm,0.733,14.48,0.0,1058.530029,0.0,0.0
153,2004-01-31 04:11:22,1075493482.0,adm,0.703,15.66,8.149171270718229,1128.47998,6.608216024450645,1.5409552462675844
154,2004-04-14 16:44:25,1081932265.0,adm,0.789,16.81,16.091160220994464,1128.170044,6.578936174894283,9.512224046100181
155,2004-06-19 13:33:48,1087623228.0,adm,0.848,16.28,12.43093922651934,1133.560059,7.088134294204316,5.342804932315024
156,2004-11-30 07:08:52,1101769732.0,adm,0.613,21.23,46.61602209944751,1173.819946,10.891511231751752,35.72451086769576
157,2005-01-26 00:58:06,1106672286.0,adm,0.613,22.65,56.42265193370164,1174.069946,10.915128889555579,45.507523044146055
158,2005-02-08 21:21:16,1107868876.0,adm,0.613,23.71,63.74309392265194,1202.300049,13.58204453923904,50.161049383412895
159,2005-02-14 20:39:46,1108384786.0,adm,0.528,24.5,69.1988950276243,1206.140015,13.944808551104405,55.2540864765199
160,2006-04-06 18:53:48,1144320828.0,adm,0.528,37.05,155.87016574585633,1309.040039,23.66583877045589,132.20432697540045
161,2006-04-07 06:53:49,1144364029.0,adm,0.528,36.92,154.97237569060772,1295.5,22.386702739445855,132.58567295116185
162,2006-04-12 00:58:21,1144774701.0,adm,0.528,36.55,152.4171270718232,1288.119995,21.689509008723647,130.72761806309956
163,2006-04-22 19:30:52,1145705452.0,adm,0.528,37.86,161.46408839779005,1309.930054,23.749919049296984,137.71416934849307
164,2006-04-23 14:17:44,1145773064.0,adm,0.528,37.86,161.46408839779005,1311.459961,23.894450329287732,137.56963806850231
165,2006-04-24 19:49:42,1145879382.0,adm,0.528,38.45,165.5386740331492,1308.109985,23.577975982011562,141.96069805113763
166,2006-04-28 06:30:41,1146177041.0,adm,0.528,36.19,149.9309392265193,1310.609985,23.814152560049862,126.11678666646945
167,2006-05-16 14:27:00,1147760820.0,adm,0.528,43.1,197.65193370165747,1292.079956,22.06360902398169,175.58832467767579
168,2007-02-20 08:05:08,1171929908.0,adm,0.541,35.88,147.79005524861878,1459.680054,37.89689607379101,109.89315917482777
169,2007-03-07 08:11:55,1173226315.0,adm,0.541,32.96,127.62430939226519,1391.969971,31.50028179313938,96.12402759912581
170,2007-04-09 12:40:37,1176093637.0,adm,0.541,37.02,155.66298342541438,1444.609985,36.47321714290261,119.18976628251177
171,2007-06-18 03:24:32,1182108272.0,adm,0.597,34.57,138.74309392265195,1531.050049,44.63926455127518,94.10382937137678
172,2007-06-19 05:10:54,1182201054.0,adm,0.597,34.75,139.98618784530385,1533.699951,44.88960246587393,95.09658537942991
173,2007-10-12 05:57:34,1192139854.0,adm,0.47,34.9,141.0220994475138,1561.800049,47.54423646114624,93.47786298636755
174,2008-01-23 23:14:44,1201101284.0,adm,0.62,40.85,182.11325966850828,1338.599976,26.458384677530955,155.65487499097733
175,2009-01-09 16:47:55,1231490875.0,adm,0.628,27.94,92.95580110497238,890.349976,-15.88807576473582,108.8438768697082
176,2004-05-12 18:03:39,1084356219.0,adp,0.015,45.7,0.0,1097.280029,0.0,0.0
177,2006-05-29 06:22:46,1148854966.0,adp,0.012,45.98,0.6126914660831378,1280.160034,16.666666681855737,-16.0539752157726
178,2006-06-27 09:26:37,1151371597.0,adp,0.012,44.48,-2.6695842450765994,1239.199951,12.933792491360474,-15.603376736437074
179,2007-02-20 18:32:39,1171967559.0,adp,0.012,50.7,10.940919037199125,1459.680054,33.027123015286364,-22.08620397808724
180,2007-04-28 09:46:50,1177724810.0,adp,0.012,45.17,-1.1597374179431095,1495.420044,36.28426695807474,-37.44400437601785
181,2007-05-28 15:46:58,1180338418.0,adp,0.007,49.23,7.724288840262568,1515.72998,38.13520158398874,-30.410912743726172
182,2007-06-30 05:05:33,1183151133.0,adp,0.007,48.47,6.061269146608305,1506.339966,37.279447924774,-31.218178778165694
183,2007-10-22 09:12:40,1193015560.0,adp,0.008,47.52,3.982494529540482,1506.329956,37.27853566903841,-33.29604113949793
184,2008-01-23 19:35:35,1201088135.0,adp,0.078,38.56,-15.62363238512035,1338.599976,21.992558018204843,-37.61619040332519
185,2008-12-07 07:53:01,1228607581.0,adp,0.288,37.59,-17.746170678336977,845.2199710000001,-22.971352010271566,5.225181331934589
186,2003-10-03 16:48:40,1065170920.0,adsk,0.0,18.44,0.0,1029.849976,0.0,0.0
187,2004-06-20 07:36:21,1087688181.0,adsk,0.0,39.4,113.66594360086766,1132.050049,9.923782626761938,103.74216097410573
188,2004-08-03 23:39:21,1091547561.0,adsk,0.0,39.96,116.70281995661604,1099.689941,6.781566891059492,109.92125306555654
189,2005-02-25 15:10:44,1109315444.0,adsk,0.0,29.83,61.767895878524925,1211.369995,17.625870100520356,44.142025778004566
190,2005-04-19 09:08:08,1113872888.0,adsk,0.0,31.69,71.85466377440348,1152.780029,11.93669523375316,59.91796854065032
191,2007-03-09 02:37:05,1173379025.0,adsk,0.0,38.53,108.94793926247289,1402.839966,36.21789568308928,72.7300435793836
192,2007-03-11 12:08:50,1173586130.0,adsk,0.0,38.54,109.00216919739694,1401.890015,36.12565399525727,72.87651520213967
193,2007-04-07 14:32:35,1175927555.0,adsk,0.0,39.55,114.47939262472882,1439.369995,39.76501709410149,74.71437553062734
194,2007-05-29 18:50:01,1180435801.0,adsk,0.0,44.53,141.48590021691973,1518.109985,47.4107899576239,94.07511025929583
195,2007-12-24 21:50:49,1198504249.0,adsk,0.0,51.02,176.6811279826464,1496.449951,45.30756769178194,131.37356029086445
196,2008-01-23 23:44:14,1201103054.0,adsk,0.0,40.75,120.9869848156182,1338.599976,29.980094887141117,91.00688992847708
197,2008-03-02 21:47:36,1204465656.0,adsk,0.0,31.09,68.60086767895878,1367.680054,32.803814717960435,35.79705296099834
198,2004-09-24 17:33:50,1096018430.0,aee,0.804,46.07,0.0,1110.109985,0.0,0.0
199,2004-11-02 15:30:15,1099380615.0,aee,0.804,48.01,4.210983286303446,1130.560059,1.84216647686489,2.3688168094385564
200,2005-03-05 21:55:16,1110030916.0,aee,0.974,51.83,12.502713262426738,1210.079956,9.005411387232948,3.4973018751937897
201,2005-12-16 06:43:01,1134686581.0,aee,0.863,52.32,13.566312133709571,1267.319946,14.16165633353888,-0.5953441998293094
202,2006-01-10 11:29:29,1136863769.0,aee,0.863,51.66,12.133709572389833,1289.689941,16.176771529534527,-4.043061957144694
203,2007-02-20 06:12:12,1171923132.0,aee,0.965,53.51,16.14933796396787,1459.680054,31.489678835741653,-15.340340871773783
204,2007-12-15 01:09:10,1197652150.0,aee,1.02,53.77,16.7136965487302,1486.589966,33.91375504112774,-17.20005849239754
205,2008-01-23 19:17:07,1201087027.0,aee,1.02,46.34,0.5860646841762603,1338.599976,20.58264443049757,-19.99657974632131
206,2009-02-21 00:56:51,1235149011.0,aee,1.02,25.73,-44.15020620794443,788.419983,-28.9782099383603,-15.171996269584128
207,2007-03-17 16:26:12,1174119972.0,aeo,94.51,29.89,0.0,1387.170044,0.0,0.0
208,2007-09-20 19:04:16,1190286256.0,aeo,94.51,25.61,-14.319170291067252,1518.75,9.485495781078159,-23.80466607214541
209,2007-10-13 18:24:50,1192271090.0,aeo,94.51,24.43,-18.266978922716632,1562.469971,12.637234184679382,-30.904213107396014
210,2008-01-24 01:42:43,1201110163.0,aeo,94.51,22.64,-24.25560388089662,1352.069946,-2.530338522794678,-21.72526535810194
211,2008-12-08 10:59:42,1228705182.0,aeo,0.054,9.73,-67.44730679156909,909.7000119999999,-34.42043995004264,-33.02686684152645
212,2009-01-12 14:36:10,1231742170.0,aeo,0.054,10.13,-66.10906657745065,870.26001,-37.263638746800964,-28.845427830649683
213,2009-03-07 19:29:00,1236425340.0,aeo,0.054,8.91,-70.19069923051188,712.869995,-48.609761428787024,-21.580937801724858
214,2004-08-03 23:58:46,1091548726.0,aep,1.754,31.64,0.0,1099.689941,0.0,0.0
215,2004-10-10 13:54:05,1097387645.0,aep,1.739,32.38,2.3388116308470353,1130.650024,2.815346566855606,-0.47653493600857066
216,2005-04-04 22:37:45,1112625465.0,aep,1.435,33.96,7.332490518331227,1176.119995,6.950145777499653,0.38234474083157366
217,2007-03-07 02:53:36,1173207216.0,aep,1.342,45.33,43.26801517067003,1391.969971,26.57840352110667,16.689611649563364
218,2007-04-10 20:12:53,1176207173.0,aep,1.457,49.34,55.94184576485463,1448.390015,31.70894458513555,24.232901179719075
219,2008-01-23 20:30:47,1201091447.0,aep,1.55,43.82,38.49557522123894,1338.599976,21.72521781755571,16.770357403683228
220,2003-10-03 17:23:47,1065173027.0,aes,101.18,7.96,0.0,1029.849976,0.0,0.0
221,2003-12-15 21:31:38,1071495098.0,aes,29.748,8.39,5.402010050251263,1068.040039,3.70831323882072,1.6936968114305433
222,2004-08-04 00:04:30,1091549070.0,aes,15.619,9.66,21.356783919597994,1098.630005,6.6786454923411105,14.678138427256883
223,2004-10-26 04:29:14,1098736154.0,aes,15.619,11.05,38.819095477386945,1111.089966,7.888526668276588,30.930568809110355
224,2004-12-05 09:19:07,1102209547.0,aes,12.944,12.42,56.03015075376885,1190.329956,15.58285029274983,40.44730046101902
225,2005-02-18 08:12:43,1108685563.0,aes,10.698,16.48,107.03517587939697,1201.589966,16.67621440037787,90.3589614790191
226,2007-02-19 02:26:15,1171823175.0,aes,6.513,22.3,180.15075376884423,1455.540039,41.33515297571847,138.81560079312575
227,2007-04-11 05:09:29,1176239369.0,aes,6.513,22.42,181.65829145728645,1438.869995,39.71646633315065,141.9418251241358
228,2008-01-23 21:05:49,1201093549.0,aes,5.378,17.9,124.87437185929646,1338.599976,29.980094887141117,94.89427697215534
229,2008-04-23 21:50:03,1208958603.0,aes,5.687,17.63,121.48241206030148,1379.930054,33.993308361255906,87.48910369904559
230,2004-02-15 08:22:54,1076804574.0,aet,0.211,77.5,0.0,1152.109985,0.0,0.0
231,2004-08-03 20:44:23,1091537063.0,aet,0.193,86.6,11.74193548387096,1099.689941,-4.549916647063862,16.29185213093482
232,2004-11-30 04:45:36,1101761136.0,aet,0.178,118.21,52.52903225806451,1173.819946,1.88436531951418,50.64466693855033
233,2005-02-04 06:20:07,1107469207.0,aet,0.178,130.85,68.83870967741935,1203.030029,4.419720743935741,64.4189889334836
234,2005-04-08 02:12:37,1112897557.0,aet,0.177,76.32,-1.522580645161299,1181.199951,2.524929596890874,-4.047510242052173
235,2005-09-23 17:26:49,1127467609.0,aet,0.17,82.71,6.7225806451612815,1215.290039,5.483856126808928,1.2387245183523534
236,2006-01-11 03:31:09,1136921469.0,aet,0.172,92.65,19.5483870967742,1294.180054,12.331293960619556,7.217093136154643
237,2006-05-07 11:34:24,1146972864.0,aet,0.172,37.99,-50.98064516129032,1312.25,13.899715919917139,-64.88036108120745
238,2007-01-25 23:46:33,1169739993.0,aet,0.253,41.1,-46.96774193548387,1423.900024,23.590633059221336,-70.5583749947052
239,2007-02-20 08:05:18,1171929918.0,aet,0.253,45.61,-41.148387096774194,1459.680054,26.696241939088814,-67.84462903586301
240,2007-04-06 18:34:03,1175855643.0,aet,0.272,45.0,-41.935483870967744,1437.77002,24.794510829623604,-66.72999470059135
241,2008-01-23 22:12:23,1201097543.0,aet,0.31,54.11,-30.180645161290325,1338.599976,16.186821868399996,-46.36746702969032
242,2008-02-22 22:13:00,1203689580.0,aet,0.31,50.13,-35.31612903225806,1353.109985,17.446251019168106,-52.76238005142616
243,2008-11-01 10:58:06,1225508286.0,aet,0.389,24.87,-67.90967741935484,930.090027,-19.270725962851547,-48.63895145650329
244,2003-10-03 17:29:50,1065173390.0,afl,0.173,33.43,0.0,1029.849976,0.0,0.0
245,2003-12-07 12:26:30,1070771190.0,afl,0.206,35.47,6.102303320370922,1069.719971,3.87143719271204,2.230866127658882
246,2004-06-27 21:50:24,1088344224.0,afl,0.203,40.4,20.849536344600654,1140.650024,10.758853287578274,10.09068305702238
247,2004-08-29 05:10:22,1093727422.0,afl,0.226,39.99,19.62309303021239,1105.089966,7.305917536866557,12.317175493345834
248,2005-01-25 00:35:34,1106584534.0,afl,0.189,39.58,18.396649715824108,1168.410034,13.454392506583893,4.942257209240214
249,2005-03-17 18:20:48,1111054848.0,afl,0.189,38.22,14.328447502243492,1190.209961,15.571198595629241,-1.242751093385749
250,2005-04-06 19:09:19,1112785759.0,afl,0.189,37.0,10.679030810649119,1184.069946,14.974993794630151,-4.295962983981033
251,2005-08-28 22:41:53,1125240113.0,afl,0.162,43.93,31.40891414896799,1212.369995,17.722971622422026,13.685942526545965
252,2006-02-02 01:16:50,1138814210.0,afl,0.162,47.17,41.10080765779241,1270.839966,23.40049479206863,17.700312865723777
253,2006-05-28 02:32:55,1148754775.0,afl,0.185,46.78,39.93419084654503,1272.880005,23.598585683707395,16.335605162837634
254,2007-02-20 18:32:53,1171967573.0,afl,0.171,48.45,44.92970385880946,1459.680054,41.73715473291422,3.1925491258952405
255,2007-04-08 10:16:28,1175998588.0,afl,0.171,47.92,43.34430152557584,1443.76001,40.19129423177265,3.153007293803185
256,2008-01-23 12:52:38,1201063958.0,afl,0.172,61.31,83.39814537840265,1338.599976,29.980094887141117,53.418050491261525
257,2009-01-29 12:02:15,1233201735.0,afl,0.241,25.06,-25.037391564463064,845.1400150000001,-17.935618323498403,-7.101773240964661
258,2003-11-17 22:46:03,1069080363.0,agn,0.739,76.65,0.0,1043.630005,0.0,0.0
259,2004-06-19 14:49:29,1087627769.0,agn,0.695,91.42,19.26940639269406,1133.560059,8.617043738599671,10.652362654094388
260,2004-08-10 02:33:38,1092076418.0,agn,0.637,69.32,-9.562948467058071,1079.040039,3.3929681812856654,-12.955916648343736
261,2004-11-02 14:09:49,1099375789.0,agn,0.637,72.5,-5.414220482713641,1130.560059,8.329585541189948,-13.743806023903588
262,2005-03-10 01:40:57,1110390057.0,agn,0.522,75.47,-1.5394651011089455,1209.25,15.869608405902436,-17.40907350701138
263,2005-04-04 23:20:33,1112628033.0,agn,0.522,69.07,-9.889106327462507,1176.119995,12.695111233410735,-22.584217560873242
264,2005-08-29 12:42:47,1125290567.0,agn,0.51,92.83,21.10893672537507,1212.280029,16.159943964048836,4.948992761326235
265,2006-06-21 09:29:01,1150853341.0,agn,0.47,104.14,35.86431833007174,1252.199951,19.98504690366775,15.879271426403989
266,2007-02-20 16:30:00,1171960200.0,agn,0.544,113.32,47.840834964122614,1459.680054,39.865665705922275,7.975169258200339
267,2007-04-06 22:28:10,1175869690.0,agn,0.544,113.52,48.10176125244617,1437.77002,37.76625941298036,10.335501839465806
268,2008-01-23 23:06:53,1201100813.0,agn,0.449,65.01,-15.185909980430528,1338.599976,28.263845384552738,-43.44975536498327
269,2008-02-16 18:44:49,1203158689.0,agn,0.436,63.89,-16.647097195042406,1367.209961,31.005236956559145,-47.65233415160155
270,2008-05-17 08:24:31,1210983871.0,agn,0.429,54.11,-29.406392694063932,1408.660034,34.97695804558628,-64.38335073965021
271,2004-02-15 09:40:39,1076809239.0,aig,1.15,74.72,0.0,1152.109985,0.0,0.0
272,2004-08-18 11:50:54,1092801054.0,aig,1.173,68.32,-8.565310492505361,1095.170044,-4.942231361704594,-3.6230791308007673
273,2005-01-18 04:07:03,1105992423.0,aig,1.162,66.14,-11.482869379014987,1195.97998,3.8077957461674123,-15.2906651251824
274,2005-04-28 12:07:20,1114661240.0,aig,1.162,51.85,-30.607601713062095,1143.219971,-0.7716289343677604,-29.835972778694334
275,2006-01-07 18:38:22,1136630302.0,aig,1.294,70.11,-6.169700214132762,1273.459961,10.53284647993047,-16.70254669406323
276,2006-06-17 17:06:59,1150535219.0,aig,1.384,59.87,-19.87419700214133,1230.040039,6.76411584090211,-26.63831284304344
277,2007-01-23 22:00:19,1169560819.0,aig,1.384,69.8,-6.584582441113493,1427.98999,23.945630937310206,-30.5302133784237
278,2007-03-15 06:01:57,1173909717.0,aig,1.687,67.0,-10.331905781584581,1392.280029,20.846103855266904,-31.178009636851485
279,2007-05-04 05:36:10,1178228170.0,aig,1.687,70.65,-5.447002141327614,1505.619995,30.68370334452053,-36.13070548584815
280,2007-06-05 04:27:22,1180988842.0,aig,1.614,72.55,-2.904175588865099,1530.949951,32.8822743429309,-35.786449931796
281,2007-07-06 07:35:21,1183678521.0,aig,1.614,70.27,-5.955567451820133,1530.439941,32.83800686789465,-38.79357431971478
282,2008-01-23 16:02:26,1201075346.0,aig,1.918,52.07,-30.313169164882225,1338.599976,16.186821868399996,-46.49999103328222
283,2008-05-23 12:57:40,1211518660.0,aig,2.282,37.81,-49.397751605995715,1375.930054,19.426970681102105,-68.82472228709781
284,2008-09-21 02:42:52,1221936172.0,aig,2.411,3.85,-94.84743040685225,1206.51001,4.72177359004487,-99.56920399689713
285,2008-10-27 11:48:40,1225079320.0,aig,2.411,1.7,-97.72483940042827,848.919983,-26.316064086537715,-71.40877531389054
286,2008-12-17 11:42:57,1229485377.0,aig,3.273,1.8,-97.59100642398288,904.419983,-21.498815670797267,-76.0921907531856
287,2008-12-19 05:47:27,1229636847.0,aig,3.273,1.67,-97.76498929336188,887.8800050000001,-22.934440586416752,-74.83054870694512
288,2009-01-06 14:34:51,1231223691.0,aig,3.273,1.66,-97.77837259100643,934.7000119999999,-18.870591855863495,-78.90778073514294
289,2003-10-26 17:46:24,1067161584.0,aiv,2.028,40.65,0.0,1033.77002,0.0,0.0
290,2004-01-18 06:24:52,1074378292.0,aiv,2.14,33.95,-16.482164821648208,1132.050049,9.506952910087296,-25.989117731735504
291,2004-05-22 07:48:23,1085183303.0,aiv,2.092,28.39,-30.15990159901599,1088.680054,5.311629563411019,-35.471531162427006
292,2004-11-30 01:33:49,1101749629.0,aiv,2.024,36.36,-10.553505535055349,1173.819946,13.547493474419014,-24.100999009474364
293,2005-01-09 17:04:30,1105261470.0,aiv,2.024,35.96,-11.537515375153747,1187.890015,14.908537877699338,-26.446053252853083
294,2005-02-16 03:30:49,1108495849.0,aiv,1.986,38.05,-6.39606396063961,1210.339966,17.08019603818653,-23.476259998826137
295,2005-03-08 22:29:05,1110292145.0,aiv,1.986,38.95,-4.182041820418194,1219.430054,17.959510375431474,-22.14155219584967
296,2005-04-11 18:19:40,1113214780.0,aiv,1.986,36.65,-9.84009840098401,1181.209961,14.26235411624726,-24.10245251723127
297,2005-09-05 18:49:31,1125917371.0,aiv,2.265,39.96,-1.697416974169736,1218.02002,17.82311311368848,-19.520530087858216
298,2007-01-17 16:51:48,1169023908.0,aiv,2.86,59.81,47.13407134071342,1430.619995,38.38861326235792,8.745458078355497
299,2007-02-20 06:12:22,1171923142.0,aiv,2.934,61.6,51.53751537515377,1459.680054,41.19968907591265,10.337826299241115
300,2008-01-08 07:10:49,1199747449.0,aiv,3.619,32.5,-20.049200492004918,1390.189941,34.47768015172274,-54.52688064372765
301,2008-01-23 19:31:02,1201087862.0,aiv,3.619,38.0,-6.519065190651903,1338.599976,29.487211865555945,-36.00627705620785
